{
  "elapsed_s": 3606.765170097351,
  "elapsed_h": 1.001879213915931,
  "total": 1393,
  "success": 1393,
  "failed": 0,
  "rps": 0.3862186569696749,
  "success_rate": 1.0,
  "by_kind": {
    "short": 964,
    "long": 117,
    "medium": 276,
    "probe": 36
  },
  "ok_by_kind": {
    "short": 964,
    "long": 117,
    "medium": 276,
    "probe": 36
  },
  "rolling_p50_ttft": 2.1211533546447754,
  "rolling_p95_ttft": 19.750403881072998,
  "rolling_mean_decode_tps": 9.172124073927357,
  "per_kind_ttft": {
    "short": {
      "n": 964,
      "p50": 0.9845011234283447,
      "p95": 17.542663097381592
    },
    "medium": {
      "n": 276,
      "p50": 2.644294023513794,
      "p95": 19.620255708694458
    },
    "long": {
      "n": 117,
      "p50": 19.171598196029663,
      "p95": 31.27457332611084
    },
    "probe": {
      "n": 36,
      "p50": 0.9017446041107178,
      "p95": 17.693201065063477
    }
  },
  "hourly": {
    "0": {
      "n": 1389,
      "fails": 0,
      "p50_ttft": 2.0687153339385986,
      "p95_ttft": 19.750403881072998,
      "mean_decode_tps": 9.157515744579888
    },
    "1": {
      "n": 4,
      "fails": 0,
      "p50_ttft": 19.329456090927124,
      "p95_ttft": 20.549405097961426,
      "mean_decode_tps": 14.244866439835688
    }
  },
  "probe_pass": 36,
  "probe_fail": 0,
  "top_errors": {},
  "recent_probe_failures": [],
  "recent_errors": []
}